file	before_bytes	after_bytes	before_sha256	after_sha256	change
baselines/GeneBaselineDB.m	4995	4980	8051d7bf30258ec2b32665ec49af5c42fcb6a289904ed35864c6616dfc79c474	888b4354f1bc2bdbeba3d975867d6dd3a6743f2c1dc6d3a619ecad17ed8ff8eb	formatting_and_comments
baselines/Log_hogcalculator.m	11874	10720	4cbefe9266e3948dc2ce88b71a21325b581cf6279ac96feb53df8abdc4cedfa8	371854e43655670504f385a95c5df92738741315acdce84f9a33ca3780460f0f	formatting_and_comments
baselines/Temporal_SSM.m	3687	4180	3a555bf23d5ddef85198b804273513b43321dc72c6cdc6a7a275e3dd0cb78dc9	65bb773ebf4b8aeade08e4efd17dbbb2c95d6ba9b42355126a3b0a825143fbbb	formatting_and_comments
baselines/descriptor_comp.m	4995	5437	dc67e35584b11b5a3f7bbe98549be68d74fd6335ef9bd49bb9f5a31955e2cd53	4fa07b73db40c5dbd4c0949534d44f9f98087c1e04d9eeb987050141b3e984cb	formatting_and_comments
baselines/estimate_integral.m	11915	12009	9a699553b4d630b262c8d71a61ecfc8790b83e6a6283350a2254f6166d20c4b1	930a17b35badd537b03f88e164b23a37f00f35e11a181ece7fed1e7a4afeddd5	formatting_and_comments
baselines/integral_invariant.m	2365	2255	a9855e476bcbe06cdba2944fd98b66a099c94e7e7825d53bddd3a02f53728c0f	7c3548eaaf9efadc6745595f585f261853b6b56193a8644825d7e14b48c1522b	formatting_and_comments
baselines/normalization.m	326	495	90e0f6b18a0bb26ad2393fbfe784ea0a19c9942514fda7fccd2e4559dab1e6bd	ea90e1157cd1e5e719c0229ae62557374032beab8b8f0dbbe975f89b96f49a82	formatting_and_comments
descriptor/Myrotm2quat.m	373	452	b5503da1c49677a1fe42204cbfa78d140f376096ee5eb313805ad85f4183e105	579b3858a6d1b6af70dee396a3378232dd3f88361b0f7a8f2a6a79024af8cdbe	formatting_and_comments
descriptor/RRVdescriptor_BasedonFrames.m	2442	1209	975e0a83c6da833ba8b7ad28f82e6eacaaa436d2c391f3f1590eacb99ba78e4c	75b1ca417a04571691657388f1290626d3a9a5de7169be836aa4b943c3191a00	formatting_and_comments
encoding/GeneFisherCodeJointPyramid_whole.m	4031	4480	3133de22f5939d50e5d32383a0aece42141cf3e4692af80bf5f9d6b3b51a6fa7	0e2a12bc91dc0d030db38041d2f55c8482e48875b4e47ab47bcf77f1ccced414	formatting_and_comments
encoding/fv_pooling_ts.m	2313	2099	1c4f362406e937c47d6a7bf05fbaf2c7018c72122e79097379e4bed433b17d44	13997bd7df3aeead6d4a899735d7c1dbf7b853e803ec061b2220f3b5959ac4a8	formatting_and_comments
encoding/rand_sampling_ts.m	695	834	5c5862ddfabce86562225079c29c101d26a31c0b428024299e678114a94ce3c9	fd768ee7e45eb39d4efc3dbddaa578e2f646e17a90a14bbbd4e384a872ec6f1a	formatting_and_comments
experiments/IP/Estimate_Frenet.m	1900	1780	1daa335286970cc3fe46b9cd0ae76ddec2d6c7bb397e0295ad7294f19575b322	32d82eb67c7f2527c7a9e44a2ee868296a160ec1a77bbd50af5a956c4042c6f0	formatting_and_comments
experiments/IP/GeneFisherCodeJointPyramid.m	8073	8579	46f683d0241ec743a756aa2dd39801dcc76ac775173c49b9f472701e7fbe91d3	0b2571cbf24422f1e7d705a6c3d53c8842a29a14f4a949405dd99abc8a04e924	formatting_and_comments
experiments/IP/GeneFisherCodeJointPyramid_2mod.m	16138	16586	999d201cb742cd9bce6d02a36190b148b11f1111edb09325fbd0e6211a441645	6d5fafaef5ad38b40137022fa68724a7c03ee5bbc1143ae56d524aa40452af04	formatting_and_comments
experiments/IP/GeneSC.m	4778	5456	d5971513d4df826f4faa81508811d1d58c0785c659f3371f1128dc765550c55e	39ee7ed99995ef5cd7e3c5d64bab0c567b117427ce393d295390f63e8d57d139	formatting_and_comments
experiments/IP/GeneScCodeJointPyramid.m	10922	11075	063ba8e3c46db0836789323fe43a7e14a3f34985fe6e51af74fad0e968a9027b	18f0839ebce06a1b5cb6bb190f99899be8170caa7d82548735332391816a4ea5	formatting_and_comments
experiments/IP/GeneScFisherCodeJointPyramid.m	9920	9983	621ece743f7843f0f7bc3e631a788c80a270fa88c93360c43467ecacc1998cb8	2979783315e8e665e1c90102211c1c0c24fc4e293f1d6c74d75b244e749780c4	formatting_and_comments
experiments/IP/GeneShapeContextJointPyramid.m	3960	4212	07b2aa0234aa7e160816df82f4e21470344f86aa383fb424d291335bb13df798	9dbbeb375e8e012b5d94d75b46cc6115de736a72ea5c718ae9d6a7ec1591d375	formatting_and_comments
experiments/IP/costFunc.m	1343	1242	eb897d56e9cb8d00ec3ee5abb296224068e3dadc96b8e464b06008a2e6764b9e	6178cf7adfd864f9ae257bfb4c6d7148d0f47b865e5d991775d683591995929d	formatting_and_comments
experiments/IP/costFuncRegMultPartGp_v1_42.m	2515	3118	cb84f24556e2bf3ee0c427720da26c71b21ca2c8960654c4c85dddaef416dba6	8f65888ed79aba155c63a40ec0a3e46322f3cea84da3989f3caea048cd7e5dc4	formatting_and_comments
experiments/IP/getLabels.m	322	411	7f4890c64ce07c5fc4e58ca790675a8c72220136f672b653d4c71b46d25ab078	4ebc89e0e966b3a17c894d4baf05e102af662bf4fbc103652853c901f813bfe7	formatting_and_comments
experiments/IP/load_IPtxt_bat.m	2174	2372	36819f0501dd7309d2252c9ff6aacc0f031fa9b8d4ad75f11191a5ef3acf4124	2e25d2189f1d5f1b3e9e41111c805352855e9a6c96f9f66e0159dbe0bb4b6609	formatting_and_comments
experiments/IP/minimize.m	7870	7032	6069e17289d0262ee2ff6c8d39966436a9bdf74a9bb797bebd335162c0fc824c	1e63e487131946ec30f153fd56f960a728cf59aeef31ce953946c14022933144	formatting_and_comments
experiments/IP/predictBinRegression.m	1024	1288	b83435a78c938578f914a00f00b2c383c8f1cc30efb14e90ae89bd3d34e2f0b6	36f6f32112b9b2ed2a25777a11c22d97378f8217b970065b4bd5ed119d1c826f	formatting_and_comments
experiments/IP/predictBinRegression_2mod.m	1498	1701	bd221aecbd921fcaa085c07f6001a89593ee8434eba6e40ab1e957a70e6ff691	356b51b9d4b8919c6c8ca7696cc47752f31242b696bc637a09501d35bc448359	formatting_and_comments
experiments/IP/predictBinRegression_whole.m	182	343	f6f67b947f601f2a732e855fe913e34675b09eb6f9af1df4b534dc788c46a203	5ad20c13cfe653e1c02d8d59e97a3fb4cccf6f729b4712551babaa81eec4bf0d	formatting_and_comments
experiments/IP/pv_pooling_ts.m	2073	1746	bb78c4f8f1ca51c373e19d920e39ac832516bb75667776e6ebba490a7065fbf0	b6d5d13ff6757210a6e4372a0d21d80d95d3231f8e865961a5df0877b7f942a7	formatting_and_comments
experiments/IP/readIPtxt.m	831	1112	43c7ff39212d28ee6122387c045ac9294861905fcb6046ed38e31d66d1db9385	24bb9047ca2d18d244b730829aeb4359e44fcbbb38bf1bd2292e6cde1ab61b80	formatting_and_comments
experiments/IP/run.m	4995	5137	41ffc9c07972fa1794062d7e6a81151a96d9c632904d7311549f86c20b78b508	1794a27fe7643b96363cdee18641d70b83d7b7713f49c3bef360e5844146d547	formatting_and_comments
experiments/IP/sc3d_compute.m	2588	2628	e1d851d0b654961bf6364b74ee5b6667aa81065dacc4aa1e708982de52cb764d	382bec91bcbf14291501551afd39dffe744e2a8fb514f0c040a572908fbf9809	formatting_and_comments
experiments/IP/sc_approx_pooling_ts.m	1899	1489	c6f90ca55aea81eb1a40699d2057bdd66f9e15f7b91af665123d542f9269b35f	aa60541e605a22d6e3b10a977c617346b810796934e8c8d23ee2ad509f201fa0	formatting_and_comments
experiments/IP/sc_pooling_ts.m	1734	1325	83a4e0199baa0984ec4192628f797fa266c6c288983b116b62ac6191088292d6	41ed34e44175e5bc49bf29ee18243dd99a529b738da34e865d11aba6419ace10	formatting_and_comments
experiments/IP/scfv_pooling_ts.m	1902	1548	a007169488dea6d8c5995a2fca3c7d0609e6c7192598a05665206c1fe0d55236	6f661767741cfdfd8f1627988ef491fc33db0e1b320706661d9793e66d3a8526	formatting_and_comments
experiments/IP/trainBinRegression.m	2791	3141	e56c41cca1857517aee66a6a2aafd0a9c0b7e86446d3d2092afa51343390489b	0cb8d09ede3e5e19bb478df42f409c850ecddfbe9503c489e5e57fad3bd3e954	formatting_and_comments
experiments/IP/trainBinRegression_2mod.m	3101	3396	b378e70b348032fe21270f1c66cce9221cc806e7c625635f98df1a495319f6b7	45453d864e25f4aece653e060653ad60179798e203898d3384a073d1660b80b7	formatting_and_comments
experiments/IP/trainBinRegression_whole.m	2316	2610	b462b823e661bbfcb3a17b47170e38ebd8ddd646b2845788196e68c326d27469	4aca6b698f150f4e002566cc7d6b6cdd73fefd2018c99bee05ce53684d007fa9	formatting_and_comments
experiments/MSRC12/GeneFisherCodeJointPyramid.m	8143	8650	b8ca83ca2cbdec43d27fe935943dce85811c43c60472c25d2b8d32b48195c3fd	0d27b01facb75110c9ec768a6d9942942b819d038e0ed4e266c166d64a08c6bb	formatting_and_comments
experiments/MSRC12/GeneFisherCodeJointPyramid_2mod.m	16070	16687	4f3614d22cfe3a0279c6f861171ea043ffef412dc6dbd81c239c641c5c245894	32a7fb6900a38d4e1fa43ed03ccabbfd7adef8063024e6106c7eaf9fc51aff28	formatting_and_comments
experiments/MSRC12/GeneSC.m	4858	5535	a490e5ce03ef6a8497a8e2de6ad595812e6ebf3019321f8f36ac4eab1413f619	aeb1fb390541a6d8a692c6d089323edddeae7b9f5bfff1415858d11660af70d0	formatting_and_comments
experiments/MSRC12/costFunc.m	1452	1519	7bbac6c789d1e80ae0309b48ac57f6ba09c269b1d1c803de97f833ba01e5f2ed	a2b54adc504b85d84e44e20fdbe509f015fc7f0ea1af333ef55e7b9b335d3197	formatting_and_comments
experiments/MSRC12/costFuncRegMultPartGp_v1_42.m	2500	3103	81efe9217833dfc91b1e136f2afd4a6936614356bf64fbfe70792de58ba2288d	59973c5590113b9350efb8811d065abcf139ede6df7f81ebb1557eec63705ebe	formatting_and_comments
experiments/MSRC12/getLabels.m	344	431	770aec2e7a50151979c91ca0a22bde1763a78565d6c9ceb258aa4e0df7ea49c0	9f30c71b5d36f612fc09cf4b899d5826c597254d4dfa12a68ad09034fd92f8b4	formatting_and_comments
experiments/MSRC12/load_data_bat.m	1593	1847	e2a503bded6217ea93d2e95a3498fbb57c6c511ccc5b35d4ccb8e7ac31a54a74	ab2ca6d85930e0b628ba9d75efee2a87078d79b0efd4b2cef3f445588e472332	formatting_and_comments
experiments/MSRC12/minimize.m	7870	7032	6069e17289d0262ee2ff6c8d39966436a9bdf74a9bb797bebd335162c0fc824c	1e63e487131946ec30f153fd56f960a728cf59aeef31ce953946c14022933144	formatting_and_comments
experiments/MSRC12/predictBinRegression.m	1043	1304	a24a4b0ea3e72ef67292fd91ab78302ec6f96b206744534213263128ec79de17	4366fae957be2626090e3d1742f4bf409e2619d7f5d39f2274af9513d349df2b	formatting_and_comments
experiments/MSRC12/predictBinRegression_2mod.m	1522	1725	2a42fa0d1dc030bfb54a2cf169a6a4081fdf7b7ec2f0398c6e67f5144a86398d	60753234fea91f4e6b84610faf61351d9b8e8f74cfda39ae1ed536f22d3e4a08	formatting_and_comments
experiments/MSRC12/predictBinRegression_whole.m	182	343	f6f67b947f601f2a732e855fe913e34675b09eb6f9af1df4b534dc788c46a203	5ad20c13cfe653e1c02d8d59e97a3fb4cccf6f729b4712551babaa81eec4bf0d	formatting_and_comments
experiments/MSRC12/run.m	4322	4604	e7455d7f432bda0cba1b72302a1bd7b9c107fa4038330ce162da54a4226ae4d0	23fe0a9e82bf364af5aed694dc071ebdc5ff5dd16f9b0763ab37a62d2e8cc365	formatting_and_comments
experiments/MSRC12/sc3d_compute.m	3041	3011	e8726ecab37a80957804b55cb9b9fc0b98e61f583918ee1c18d6e1ca33be43c4	150031028ce8881902d5e73611dabb062879cb7211827a0cfaf3b3967a7f1557	formatting_and_comments
experiments/MSRC12/trainBinRegression.m	2846	3234	3d23619f3365493cdccc28221d946a7c84866a21c6ac0bc1c243f547a15e246b	6ed6911170fb4cf37ec2693f298d110202a48a936d017036f843d475a16c4dad	formatting_and_comments
experiments/MSRC12/trainBinRegression_2mod.m	3125	3420	41ef450335499b890d673608be932e4e5cf12ca9e2c619ccc197a0bd5bd99998	dbc3e12f076f9a9f3db2bc854ed731ad9bf5327671f7a2470c2b3615d96223d6	formatting_and_comments
experiments/MSRC12/trainBinRegression_whole.m	2187	2487	8b478043b1b2db40dc28dc6ff824b5fcdb163e4b41afe851818c7e2e994fc91d	f6784ff8d3d7b7e1a1fd519368fb129bc15dcd2fdc49761efa5fae359ebf0e6c	formatting_and_comments
lrf/Estimate_Frenet.m	1939	1831	fb382fcf47ce701e46ebbe00780b3824ba5b2ce0bf81ec2c98735536686a52a0	148d3892b895b617bbf76b14e9403ce1e8ea5fd7270d5c6c55529a9285b4c824	formatting_and_comments
lrf/curve_grid.m	342	509	71b033db156314fd2ddb5b41eb5720b554d512b46bc220c1f6141f3813a06a62	3e970581d46efd8606dda6d2f6a9ec4a4e14208c1a3c1e88d0a13b53b4da0bad	formatting_and_comments
lrf/curve_grid_mean.m	386	556	925b13ad1ce279a198bbe10ce136a79fdfa70f257c779fcbb15553fd3f3358cb	8921623fd48f3f81bec930a64085e1e4465f9097e3da796fc461265cc38cfb99	formatting_and_comments
lrf/fillstapoint.m	286	458	3cdb63a81fd54ef7277bb4a8c37084ffc4f7da38140272ec2e971b62889f7cc5	a32f4a8208553feb6d6293d9f57b0a958a43cdf080525bb201794434124e1bde	formatting_and_comments
lrf/remove_stapoint.m	623	718	5a0c466cf6b9d5006880ef0a85b2f87f7451d99ac417dc50f2a2e85b9754b0f8	f522906833f58002a88945063862d8ea3ebde06cdb192f1c83007744337ac9d2	formatting_and_comments
mbs/Determine_xy.m	6087	5896	aaed1dc0c656aa19e85337df3f6ff2517c4dc3d39cd9c3e8255322269604df16	4595721860be269e6b442802b1df6be70be4517a8bb16518d6dcf0d94911be18	formatting_and_comments
mbs/splitting_curve_2D.m	2207	2026	6d5af1d3819c994057c45b31b62d9ac43f1c126b6194980a03f47ebdf42ab1b9	ede629b12fc4ea881053a50d510447c474f6375d63f3fe0ef5f5699a9be50d10	formatting_and_comments
mbs/splitting_curve_3D.m	2577	2497	dca9d1917fd1f932774b32efd9ed7f38ddb4344b8ffacd7ab3a34bb41c988958	8c8ef60bc6ac49787f55e95e17f57ef2aae96915fcd6e538250b1a0a949a7585	formatting_and_comments
mbs/src/Determine_segment.cpp	1859	2189	b55bbb00251e8e29423e28ee2a746ec7c6c9f74e738eedafdf294e132296a515	b4a69082c4683a4cb91875ad59dc246c56055ab79f07643870e1a35a63f0cf26	formatting_and_comments
mbs/src/MTMemoryPool.h	1391	1258	7b9c948bc9e5d74a9da6e9ba43f9e4d18dbcfea4bb85219a077d47538d8f4eea	4651993ed6aa82bf0422f0ffc98d53f8107d91d876c404bdca1fd6391ea32eb4	formatting_and_comments
mbs/src/MemoryPool.h	1924	1725	e346995774dcafcd7998b624f8419c4db6963412b5db85ce7a1e709e432f5dfa	7779e70fae4c1d692e272911955a4e81a022a308cc7c636df0eb789bbd3ec28a	formatting_and_comments
mbs/src/mini_math_kernel.h	2110	2259	b93c7b1c705c98a822c51ed055067a6c06a4b87bf969e9593fe69fee9541d11b	0f38146e6728c38e5d8ae99e710d7e8a78dc7251c79c34208058b35f2439c519	formatting_and_comments
mbs/src/tricircumcenter3d.cpp	19770	27339	0aebe1b85265de549c0abbd7e3456d144079d7ee14c64c01d73f842a1fae000b	e21b6fdfaf9ce9bb931b211f00def7637d07f4ea6cef6f3c4a1990d2580f17cf	formatting_and_comments
mbs/src/unit_reco.cpp	4841	5536	1cf2980627782799c748ad96aa1e9a02cbf42a2da873958facf229f89f7cd075	396608b9957a1e9f8f8fbf4f638b449502e4b76c222c60c4ce5d10e04178c5b9	formatting_and_comments
mbs/src/unit_reco.h	1986	1985	7a169bf0c544b94ac7492dacc1ffac90c57390270ad041aed3339dfb6e34d590	17c01b039c85b6b193c07c42d740b7c098cb9d686f79071f15939b6049184bf0	formatting_and_comments
mbs/transform_firstOctant.m	5469	5635	de025b3022d356f89956af2f1e97c93c1b694758b188a94214cb998b3f089c97	1940c5eb5fa5c6eab49cc4fd2e41498d7b2fff37a13e4f2b037f37db38bba303	formatting_and_comments
setup_path.m	3662	3576	3c9fad356aeff4d8ccbe9ea5bc470a7def65c031df54d160ccc3f62ab2f5916d	fceee1b2662777479780390ff62bed15f9f9154e556b87c9e306b1fb3f89144b	formatting_and_comments
utils/TrjResizeTime.m	1144	1170	9343efc82c04bb5d461eefe09294b9a9dbfc565a96a4d21a6622ac653c0ac308	5c9ac19a5b37fe653d261409173e3c421e8ce0b2ea04bb62794498cb0def3dad	formatting_and_comments
