# file	original location	original md5	status
baselines/GeneBaselineDB.m	new (written during consolidation, never run)	-	new
baselines/Log_hogcalculator.m	SHARE:MatlabProjects/work/Log_hogcalculator.m (via TSSM, which fixed a nargin test)	5346566d898e4e09fcf185331af2d9e6	modified
baselines/Temporal_SSM.m	SHARE:MatlabProjects/work/Temporal_SSM.m (via TSSM, which added argument defaults)	9c8ffdec7b8e9e9eda2474e6c81802ee	modified
baselines/descriptor_comp.m	SHARE:MatlabProjects/work/descriptor_comp.m	6a406c9b202e77d68eefe6b37acd9423	verbatim
baselines/estimate_integral.m	SHARE:MatlabProjects/work/estimate_integral.m	77074452bcccb066a2dbc5985f7322f6	verbatim
baselines/integral_invariant.m	SHARE:MatlabProjects/work/integral_invariant.m	ab583e1d5f10b8db44a4315109778a5f	verbatim
baselines/normalization.m	SHARE:MatlabProjects/work/normalization.m	4e183c9c908a1b3bb65ae1c4a422acf6	verbatim
descriptor/Myrotm2quat.m	SHARE2:work (moved to _moved_HBPL_remote)/MicrosoftGestureEvaluatingCode/ToZP/Myrotm2quat.m	52b05990e6b925ecd559789a7f43a35f	verbatim
descriptor/RRVdescriptor_BasedonFrames.m	SHARE2:work (moved to _moved_HBPL_remote)/MicrosoftGestureEvaluatingCode/ToZP/RRVdescriptor_BasedonFrames.m	5954c033a494c83a84fbbf899554db55	verbatim
encoding/GeneFisherCodeJointPyramid_whole.m	SHARE2:work (moved to _moved_HBPL_remote)/MicrosoftGestureEvaluatingCode/GeneFisherCodeJointPyramid_whole.m	bbe9391b978671e45046e5742c80863f	verbatim
encoding/fv_pooling_ts.m	SHARE2:work (moved to _moved_HBPL_remote)/MicrosoftGestureEvaluatingCode/fv_pooling_ts.m	464960ca85fb6bae6fe0b9985f4cb376	verbatim
encoding/rand_sampling_ts.m	SHARE2:work (moved to _moved_HBPL_remote)/MicrosoftGestureEvaluatingCode/rand_sampling_ts.m	b7edcf0521fe91d614c1a0ac03e59773	verbatim
experiments/IP/Estimate_Frenet.m	SHARE2:work (moved to _moved_HBPL_remote)/IPEvaluatingCode/Estimate_Frenet.m	7db4095d19bb9ac8b9271ed2fcc3191c	verbatim
experiments/IP/GeneFisherCodeJointPyramid.m	SHARE2:work/IPEvaluatingCode/GeneFisherCodeJointPyramid.m	dd4a06e2bc41c6b0437c59df81a6ab0c	verbatim
experiments/IP/GeneFisherCodeJointPyramid_2mod.m	SHARE2:work/IPEvaluatingCode/GeneFisherCodeJointPyramid_2mod.m	20c6ef06beb95827d6ac5e38fb58bc76	verbatim
experiments/IP/GeneSC.m	SHARE2:work (moved to _moved_HBPL_remote)/IPEvaluatingCode/GeneSC.m	0fc2c72fa15c84e3101dfd1bd6e1219d	verbatim
experiments/IP/GeneScCodeJointPyramid.m	SHARE2:work (moved to _moved_HBPL_remote)/IPEvaluatingCode/GeneScCodeJointPyramid.m	139fb27b6275bbdb6ed54b8bd57723e9	verbatim
experiments/IP/GeneScFisherCodeJointPyramid.m	SHARE2:work/IPEvaluatingCode/GeneScFisherCodeJointPyramid.m	8269c19de9150d2d3cfa59e1e0b57063	verbatim
experiments/IP/GeneShapeContextJointPyramid.m	SHARE2:work/IPEvaluatingCode/GeneShapeContextJointPyramid.m	0fd8cdb8f8dbce0e78a377d4b1980c9a	verbatim
experiments/IP/costFunc.m	SHARE2:work/IPEvaluatingCode/costFunc.m	cadbdebb9f1b7593b3b2b37c1ad35a58	verbatim
experiments/IP/costFuncRegMultPartGp_v1_42.m	SHARE2:work (moved to _moved_HBPL_remote)/IPEvaluatingCode/costFuncRegMultPartGp_v1_42.m	d2c7e600b2ca7a4f85d28167d495d0b5	verbatim
experiments/IP/getLabels.m	SHARE2:work/IPEvaluatingCode/getLabels.m	4c7b2f70ddd8b352a8c6a825779fa0ce	verbatim
experiments/IP/load_IPtxt_bat.m	SHARE2:work (moved to _moved_HBPL_remote)/IPEvaluatingCode/load_IPtxt_bat.m	801001862f996ad40779da2c6191ccf1	verbatim
experiments/IP/minimize.m	SHARE2:work (moved to _moved_HBPL_remote)/IPEvaluatingCode/minimize.m	8699052c66c6644dd4481503e7a2c87a	verbatim
experiments/IP/predictBinRegression.m	SHARE2:work/IPEvaluatingCode/predictBinRegression.m	4fea94c277045920218d1a4bfadef842	verbatim
experiments/IP/predictBinRegression_2mod.m	SHARE2:work/IPEvaluatingCode/predictBinRegression_2mod.m	a7d027ccc07b8a5120ff54ef630419dc	verbatim
experiments/IP/predictBinRegression_whole.m	SHARE2:work (moved to _moved_HBPL_remote)/IPEvaluatingCode/predictBinRegression_whole.m	5ed2b2834eaba40297014f1c82675b69	verbatim
experiments/IP/pv_pooling_ts.m	SHARE2:work/IPEvaluatingCode/pv_pooling_ts.m	4b10fdbc67d3cd73cd523f673c80ef79	verbatim
experiments/IP/readIPtxt.m	SHARE2:work (moved to _moved_HBPL_remote)/IPEvaluatingCode/readIPtxt.m	4bc5585e5abb792acf5fccc22d796c52	verbatim
experiments/IP/run.m	SHARE2:work/IPEvaluatingCode/run.m	602760cebf98331652aadaab0806324c	verbatim
experiments/IP/sc3d_compute.m	SHARE2:work/IPEvaluatingCode/sc3d_compute.m	5c7a496ce0c794e16c25986bf863f56d	verbatim
experiments/IP/sc_approx_pooling_ts.m	SHARE2:work (moved to _moved_HBPL_remote)/IPEvaluatingCode/sc_approx_pooling_ts.m	2b17dcbe8467deceb56a151faf95a67d	verbatim
experiments/IP/sc_pooling_ts.m	SHARE2:work (moved to _moved_HBPL_remote)/IPEvaluatingCode/sc_pooling_ts.m	219c44c8d28b53afaf21ecbe59de51b7	verbatim
experiments/IP/scfv_pooling_ts.m	SHARE2:work (moved to _moved_HBPL_remote)/IPEvaluatingCode/scfv_pooling_ts.m	d49fb9df86fb636992a15d2ee5475923	verbatim
experiments/IP/trainBinRegression.m	SHARE2:work/IPEvaluatingCode/trainBinRegression.m	77a30e9fac5d565afd03d05723ddd63f	verbatim
experiments/IP/trainBinRegression_2mod.m	SHARE2:work/IPEvaluatingCode/trainBinRegression_2mod.m	89fa31f5b75a46b07960b5f85d29228b	verbatim
experiments/IP/trainBinRegression_whole.m	SHARE2:work (moved to _moved_HBPL_remote)/IPEvaluatingCode/trainBinRegression_whole.m	ec9bc84de9aaf59e4be245acfe9d8529	verbatim
experiments/MSRC12/GeneFisherCodeJointPyramid.m	SHARE2:work (moved to _moved_HBPL_remote)/MicrosoftGestureEvaluatingCode/GeneFisherCodeJointPyramid.m	9c23f1a2eac2ff3377156572311ff646	verbatim
experiments/MSRC12/GeneFisherCodeJointPyramid_2mod.m	SHARE2:work (moved to _moved_HBPL_remote)/MicrosoftGestureEvaluatingCode/GeneFisherCodeJointPyramid_2mod.m	6a82e479ec484640149f2bc26126a2ce	verbatim
experiments/MSRC12/GeneSC.m	SHARE2:work/MicrosoftGestureEvaluatingCode/GeneSC.m	6404d5e4532ed4654e7797cc9ea56ce6	verbatim
experiments/MSRC12/costFunc.m	SHARE2:work (moved to _moved_HBPL_remote)/MicrosoftGestureEvaluatingCode/costFunc.m	8c1e4b224806d64e3eb9571d122fc931	verbatim
experiments/MSRC12/costFuncRegMultPartGp_v1_42.m	SHARE2:work (moved to _moved_HBPL_remote)/MicrosoftGestureEvaluatingCode/costFuncRegMultPartGp_v1_42.m	fd32b8087ba232f0c40bbcc1abe75834	verbatim
experiments/MSRC12/getLabels.m	SHARE2:work (moved to _moved_HBPL_remote)/MicrosoftGestureEvaluatingCode/getLabels.m	dbe55f4d14122d67db40b5ca8f7be03b	verbatim
experiments/MSRC12/load_data_bat.m	SHARE2:work/MicrosoftGestureEvaluatingCode/load_data_bat.m	0c3b86aa2fdad53470c3ddcc83677732	verbatim
experiments/MSRC12/minimize.m	SHARE2:work (moved to _moved_HBPL_remote)/MicrosoftGestureEvaluatingCode/minimize.m	8699052c66c6644dd4481503e7a2c87a	verbatim
experiments/MSRC12/predictBinRegression.m	SHARE2:work (moved to _moved_HBPL_remote)/MicrosoftGestureEvaluatingCode/predictBinRegression.m	382b15257cf7d074f628bbd95b76f362	verbatim
experiments/MSRC12/predictBinRegression_2mod.m	SHARE2:work (moved to _moved_HBPL_remote)/MicrosoftGestureEvaluatingCode/predictBinRegression_2mod.m	b694471678470d4faaa60ab4f38c0777	verbatim
experiments/MSRC12/predictBinRegression_whole.m	SHARE2:work (moved to _moved_HBPL_remote)/MicrosoftGestureEvaluatingCode/predictBinRegression_whole.m	5ed2b2834eaba40297014f1c82675b69	verbatim
experiments/MSRC12/run.m	SHARE2:work/MicrosoftGestureEvaluatingCode/run.m	d08edfe62f376968f62e0b6e002733fa	verbatim
experiments/MSRC12/sc3d_compute.m	SHARE2:work (moved to _moved_HBPL_remote)/MicrosoftGestureEvaluatingCode/sc3d_compute.m	f9414fdc182f7eadc79fd785f215e6f3	verbatim
experiments/MSRC12/trainBinRegression.m	SHARE2:work (moved to _moved_HBPL_remote)/MicrosoftGestureEvaluatingCode/trainBinRegression.m	79d2f0b8bf4a7abf89bffbcf346963df	verbatim
experiments/MSRC12/trainBinRegression_2mod.m	SHARE2:work (moved to _moved_HBPL_remote)/MicrosoftGestureEvaluatingCode/trainBinRegression_2mod.m	51f9059479531c4f21e510f1fb21c1d6	verbatim
experiments/MSRC12/trainBinRegression_whole.m	SHARE2:work (moved to _moved_HBPL_remote)/MicrosoftGestureEvaluatingCode/trainBinRegression_whole.m	5d1234362d3c47156bc8be90e0369d13	verbatim
lrf/Estimate_Frenet.m	SHARE2:work/MicrosoftGestureEvaluatingCode/Estimate_Frenet.m	e73c90bcabf902b96417e35f828535be	verbatim
lrf/curve_grid.m	SHARE2:work (moved to _moved_HBPL_remote)/MicrosoftGestureEvaluatingCode/curve_grid.m	49c02730ff7f38b6835fcf8bded8b670	verbatim
lrf/curve_grid_mean.m	SHARE2:work (moved to _moved_HBPL_remote)/MicrosoftGestureEvaluatingCode/curve_grid_mean.m	73a8f2b37443c9b63e4c156c7403befd	verbatim
lrf/fillstapoint.m	SHARE2:work (moved to _moved_HBPL_remote)/MicrosoftGestureEvaluatingCode/fillstapoint.m	d3a5a6cb0587b49fa7276b7735f74dd1	verbatim
lrf/remove_stapoint.m	SHARE2:work (moved to _moved_HBPL_remote)/MicrosoftGestureEvaluatingCode/remove_stapoint.m	e2a2d164fc357adde6044f7b3b024a29	verbatim
mbs/Determine_xy.m	SHARE:MatlabProjects/work/Determine_xy.m	79901b5c6e6d8702c4b87a9c42b2dd05	verbatim
mbs/bin/Determine_segment.mexa64	SHARE2:work/MicrosoftGestureEvaluatingCode/Determine_segment.mexa64	7cf82f2fdf753f9e06109b41ab3d9de0	verbatim
mbs/bin/Determine_segment.mexmaci64	IID/mbs/bin/Determine_segment.mexmaci64	29aa4bd9197a909bc4a1ed344fb9732e	verbatim
mbs/bin/Determine_segment.mexw32	SHARE:MatlabProjects/work/Determine_segment.mexw32	2527a7dd1a362cf17cbb3125934937a3	verbatim
mbs/bin/Determine_segment.mexw64	SHARE2:work/MicrosoftGestureEvaluatingCode/Determine_segment.mexw64	6a452c9c7bf28342601f7b875b41ff36	verbatim
mbs/bin/MelkmanConvexHull.mexw32	SHARE:MatlabProjects/work/MelkmanConvexHull.mexw32	6f930cebb59de54fa822f258ae625835	verbatim
mbs/bin/MelkmanConvexHull.mexw64	SHARE:MatlabProjects/work/MelkmanConvexHull.mexw64	587e5683a430d15dede7b0bbb2fa724c	verbatim
mbs/bin/tricircumcenter3d.mexa64	SHARE2:work/MicrosoftGestureEvaluatingCode/tricircumcenter3d.mexa64	bb851df5d2cf6340201919913cc58d75	verbatim
mbs/bin/tricircumcenter3d.mexmaci64	IID/mbs/bin/tricircumcenter3d.mexmaci64	8cb0bf02d5318755a14678e7720a5673	verbatim
mbs/bin/tricircumcenter3d.mexw32	SHARE:MatlabProjects/work/tricircumcenter3d.mexw32	4dfa764a6cd1700a16490e07843e8d29	verbatim
mbs/bin/tricircumcenter3d.mexw64	SHARE2:work/MicrosoftGestureEvaluatingCode/tricircumcenter3d.mexw64	4745060c2a9df3907fc6dccb46f60f3b	verbatim
mbs/splitting_curve_2D.m	SHARE2:work (moved to _moved_HBPL_remote)/MicrosoftGestureEvaluatingCode/splitting_curve_2D.m	9c1c17e3f9b42be0f3ed098651f988d1	verbatim
mbs/splitting_curve_3D.m	SHARE2:work (moved to _moved_HBPL_remote)/MicrosoftGestureEvaluatingCode/splitting_curve_3D.m	67714bde4500bc99c934f03d71607626	verbatim
mbs/src/Determine_segment.cpp	SHARE2:work/MicrosoftGestureEvaluatingCode/Determine_segment.cpp	1d9abe305272a8850753c090d9ad5b61	verbatim
mbs/src/MTMemoryPool.h	SHARE2:work/MicrosoftGestureEvaluatingCode/MTMemoryPool.h	cd820cb47f77aebf8121d5d65f8f3171	verbatim
mbs/src/MemoryPool.h	SHARE2:work/MicrosoftGestureEvaluatingCode/MemoryPool.h	5fe224f712593609838f5117ab0e67de	verbatim
mbs/src/mini_math_kernel.h	SHARE2:work/MicrosoftGestureEvaluatingCode/mini_math_kernel.h	9415bd514f84cb1d128b7693529f134b	verbatim
mbs/src/tricircumcenter3d.cpp	SHARE2:work/MicrosoftGestureEvaluatingCode/tricircumcenter3d.cpp	9e8324fb95211122cc0262dd3365a739	verbatim
mbs/src/unit_reco.cpp	SHARE2:work/MicrosoftGestureEvaluatingCode/unit_reco.cpp	174e02f59a28523ca15f39c546bddc16	verbatim
mbs/src/unit_reco.h	SHARE2:work/MicrosoftGestureEvaluatingCode/unit_reco.h	f3259e80da5a968f74f5d689872310d2	verbatim
mbs/transform_firstOctant.m	SHARE:MatlabProjects/work/transform_firstOctant.m	961ae69f1774b769af556aac5a701200	verbatim
thirdparty/ScSPM/large_scale_svm/lbfgs2.m	TSSM/thirdparty/ScSPM/large_scale_svm/lbfgs2.m	d76e2343e56774f0b87d35784f66a526	verbatim
thirdparty/ScSPM/large_scale_svm/li2nsvm_grad.m	TSSM/thirdparty/ScSPM/large_scale_svm/li2nsvm_grad.m	c9face9f01a89b849f4eb97eac0f4046	verbatim
thirdparty/ScSPM/large_scale_svm/li2nsvm_lbfgs.m	TSSM/thirdparty/ScSPM/large_scale_svm/li2nsvm_lbfgs.m	2500aaa8c171b5bc8877ae51b08c575f	verbatim
thirdparty/ScSPM/large_scale_svm/li2nsvm_multiclass_fwd.m	TSSM/thirdparty/ScSPM/large_scale_svm/li2nsvm_multiclass_fwd.m	767a6436842295556da2b6e3aab73f47	verbatim
thirdparty/ScSPM/large_scale_svm/li2nsvm_multiclass_lbfgs.m	TSSM/thirdparty/ScSPM/large_scale_svm/li2nsvm_multiclass_lbfgs.m	e897cd7a3540f914e6e35ffe0bec0b16	verbatim
thirdparty/ScSPM/large_scale_svm/lineSearchWolfe.m	TSSM/thirdparty/ScSPM/large_scale_svm/lineSearchWolfe.m	c9ed5a9a934a731c5d147cc1af5985ab	verbatim
thirdparty/ScSPM/large_scale_svm/oneofc.m	TSSM/thirdparty/ScSPM/large_scale_svm/oneofc.m	f79bf22fd5f883efee5d097116646506	verbatim
thirdparty/ScSPM/large_scale_svm/oneofc_inv.m	TSSM/thirdparty/ScSPM/large_scale_svm/oneofc_inv.m	758deab8c486f44022eb248fab376881	verbatim
thirdparty/ScSPM/large_scale_svm/regurgitate.m	TSSM/thirdparty/ScSPM/large_scale_svm/regurgitate.m	41e9b1fe66fbeaf1106001b0b54d7dde	verbatim
thirdparty/ScSPM/sparse_coding/L1QP_FeatureSign_Set.m	TSSM/thirdparty/ScSPM/sparse_coding/L1QP_FeatureSign_Set.m	2a3b48b8d2649f4c2ea3a21920dbd2e3	verbatim
thirdparty/ScSPM/sparse_coding/L1QP_FeatureSign_yang.m	TSSM/thirdparty/ScSPM/sparse_coding/L1QP_FeatureSign_yang.m	b75a92296ab36422e5874fb71a81e9ae	verbatim
thirdparty/ScSPM/sparse_coding/feature_sign.m	TSSM/thirdparty/ScSPM/sparse_coding/feature_sign.m	7e22735a12749708aa0c8d1b6d2ed847	verbatim
thirdparty/ScSPM/sparse_coding/getObjective_RegSc.m	TSSM/thirdparty/ScSPM/sparse_coding/getObjective_RegSc.m	718b7f029e857e630fc550b35a5404ae	verbatim
thirdparty/ScSPM/sparse_coding/l2ls_learn_basis_dual.m	TSSM/thirdparty/ScSPM/sparse_coding/l2ls_learn_basis_dual.m	7cc67b6ab0d08d922a3302c284712655	verbatim
thirdparty/ScSPM/sparse_coding/reg_sparse_coding.m	TSSM/thirdparty/ScSPM/sparse_coding/reg_sparse_coding.m	2adc4ade3b5f1de45b495c6f8959cf58	verbatim
thirdparty/ScSPM/sparse_coding/sc2/cgf_fitS_sc2.m	TSSM/thirdparty/ScSPM/sparse_coding/sc2/cgf_fitS_sc2.m	7b18b54cfd2ad637b012858108a46f5f	verbatim
thirdparty/ScSPM/sparse_coding/sc2/cgf_sc.c	TSSM/thirdparty/ScSPM/sparse_coding/sc2/cgf_sc.c	72ab7b8194ea74e258742ec4361a0f4e	verbatim
thirdparty/ScSPM/sparse_coding/sc2/cgf_sc2.dll	TSSM/thirdparty/ScSPM/sparse_coding/sc2/cgf_sc2.dll	0f0568440fb4c34ddef5602020c93be7	verbatim
thirdparty/ScSPM/sparse_coding/sc2/cgf_sc2.mexa64	TSSM/thirdparty/ScSPM/sparse_coding/sc2/cgf_sc2.mexa64	2ea562f646232e823d2cfb5cac8c11f7	verbatim
thirdparty/ScSPM/sparse_coding/sc2/cgf_sc2.mexglx	TSSM/thirdparty/ScSPM/sparse_coding/sc2/cgf_sc2.mexglx	211dd8771987a37a16b23c6929e5f1d0	verbatim
thirdparty/ScSPM/sparse_coding/sc2/getObjective2.m	TSSM/thirdparty/ScSPM/sparse_coding/sc2/getObjective2.m	14d5ca0e80cfcbbce64f2b1d8fe24f2c	verbatim
thirdparty/ScSPM/sparse_coding/sc2/getObjective3.m	TSSM/thirdparty/ScSPM/sparse_coding/sc2/getObjective3.m	86fe6ef56dedbc5f8356ffa54e4cb993	verbatim
thirdparty/ScSPM/sparse_coding/sc2/getObjective_knn.m	TSSM/thirdparty/ScSPM/sparse_coding/sc2/getObjective_knn.m	cbf32cb2dfb861ebe3da26c43e8a7c5b	verbatim
thirdparty/ScSPM/sparse_coding/sc2/getObjective_sc.m	TSSM/thirdparty/ScSPM/sparse_coding/sc2/getObjective_sc.m	1279ac30869f15a96dc0a607e064601a	verbatim
thirdparty/ScSPM/sparse_coding/sc2/nrf/README	TSSM/thirdparty/ScSPM/sparse_coding/sc2/nrf/README	b2d6fd832a61e6657a827fee2c963e93	verbatim
thirdparty/ScSPM/sparse_coding/sc2/nrf/brent.c	TSSM/thirdparty/ScSPM/sparse_coding/sc2/nrf/brent.c	88771e2c55de3b96800a2512d152e8e4	verbatim
thirdparty/ScSPM/sparse_coding/sc2/nrf/frprmn.c	TSSM/thirdparty/ScSPM/sparse_coding/sc2/nrf/frprmn.c	9f8814a7571d590804fbaea92cd8e0d6	verbatim
thirdparty/ScSPM/sparse_coding/sc2/nrf/getreent.c	TSSM/thirdparty/ScSPM/sparse_coding/sc2/nrf/getreent.c	02eab9671887e09cfe7456eb8035d59c	verbatim
thirdparty/ScSPM/sparse_coding/sc2/nrf/impure.c	TSSM/thirdparty/ScSPM/sparse_coding/sc2/nrf/impure.c	ad8d978bc97aa52450b720ec82177efd	verbatim
thirdparty/ScSPM/sparse_coding/sc2/nrf/linmin.c	TSSM/thirdparty/ScSPM/sparse_coding/sc2/nrf/linmin.c	3c529e0e8067ff5df966e307c0e0f892	verbatim
thirdparty/ScSPM/sparse_coding/sc2/nrf/mnbrak.c	TSSM/thirdparty/ScSPM/sparse_coding/sc2/nrf/mnbrak.c	a37d25ec315cdf60cb8ff4798a8598c5	verbatim
thirdparty/ScSPM/sparse_coding/sc2/nrf/nrutil.c	TSSM/thirdparty/ScSPM/sparse_coding/sc2/nrf/nrutil.c	9788dc213599c6bbb37f0c23c60df729	verbatim
thirdparty/ScSPM/sparse_coding/sc2/nrf/nrutil.h	TSSM/thirdparty/ScSPM/sparse_coding/sc2/nrf/nrutil.h	3ccc795ef1c1c06ec68287533b6a4431	verbatim
thirdparty/Stochastic_Bosque/Stochastic_Bosque/Stochastic_Bosque.m	SHARE2:work/IPEvaluatingCode/Stochastic_Bosque/Stochastic_Bosque/Stochastic_Bosque.m	4a206cd92967d69d5210caa55e3afa81	verbatim
thirdparty/Stochastic_Bosque/Stochastic_Bosque/ancillary/getargs.m	SHARE2:work/IPEvaluatingCode/Stochastic_Bosque/Stochastic_Bosque/ancillary/getargs.m	5ab04ea659c282383d22e0f235cda92a	verbatim
thirdparty/Stochastic_Bosque/Stochastic_Bosque/ancillary/weighted_hist.m	SHARE2:work/IPEvaluatingCode/Stochastic_Bosque/Stochastic_Bosque/ancillary/weighted_hist.m	418e90f88b3b6748e012f621bbf0dc62	verbatim
thirdparty/Stochastic_Bosque/Stochastic_Bosque/cartree/cartree.m	SHARE2:work/IPEvaluatingCode/Stochastic_Bosque/Stochastic_Bosque/cartree/cartree.m	26e7b4a94fe5f15f3199d538d15f4072	verbatim
thirdparty/Stochastic_Bosque/Stochastic_Bosque/cartree/eval_cartree.m	SHARE2:work/IPEvaluatingCode/Stochastic_Bosque/Stochastic_Bosque/cartree/eval_cartree.m	2357a64529df34f2f5007757cc34760c	verbatim
thirdparty/Stochastic_Bosque/Stochastic_Bosque/cartree/mx_files/GBCC.cpp	SHARE2:work/IPEvaluatingCode/Stochastic_Bosque/Stochastic_Bosque/cartree/mx_files/GBCC.cpp	210cfbe4d8628e6563899dc4334d8307	verbatim
thirdparty/Stochastic_Bosque/Stochastic_Bosque/cartree/mx_files/GBCP.cpp	SHARE2:work/IPEvaluatingCode/Stochastic_Bosque/Stochastic_Bosque/cartree/mx_files/GBCP.cpp	4d1f8637bfda831725899b11fcd932b0	verbatim
thirdparty/Stochastic_Bosque/Stochastic_Bosque/cartree/mx_files/GBCR.cpp	SHARE2:work/IPEvaluatingCode/Stochastic_Bosque/Stochastic_Bosque/cartree/mx_files/GBCR.cpp	76b79aa11419a8d288e95d1190adc917	verbatim
thirdparty/Stochastic_Bosque/Stochastic_Bosque/cartree/mx_files/best_cut_node.cpp	SHARE2:work/IPEvaluatingCode/Stochastic_Bosque/Stochastic_Bosque/cartree/mx_files/best_cut_node.cpp	92cbb0ea45856b69b10b110d85c14eb1	verbatim
thirdparty/Stochastic_Bosque/Stochastic_Bosque/cartree/mx_files/best_cut_node.mexa64	SHARE2:work/IPEvaluatingCode/Stochastic_Bosque/Stochastic_Bosque/cartree/mx_files/best_cut_node.mexa64	cd4c442dab48fc87a41a02fa4afca07b	verbatim
thirdparty/Stochastic_Bosque/Stochastic_Bosque/cartree/mx_files/best_cut_node.mexw64	SHARE2:work/IPEvaluatingCode/Stochastic_Bosque/Stochastic_Bosque/cartree/mx_files/best_cut_node.mexw64	c4cc8bb3d28ff1cf7561013fdd5c367b	verbatim
thirdparty/Stochastic_Bosque/Stochastic_Bosque/cartree/mx_files/mx_compile_cartree.m	SHARE2:work/IPEvaluatingCode/Stochastic_Bosque/Stochastic_Bosque/cartree/mx_files/mx_compile_cartree.m	e86a093f87abefb083609cf744396ae8	verbatim
thirdparty/Stochastic_Bosque/Stochastic_Bosque/cartree/mx_files/mx_eval_cartree.c	SHARE2:work/IPEvaluatingCode/Stochastic_Bosque/Stochastic_Bosque/cartree/mx_files/mx_eval_cartree.c	94039f14f4e08ee6015c071eb676bc25	verbatim
thirdparty/Stochastic_Bosque/Stochastic_Bosque/cartree/mx_files/mx_eval_cartree.mexa64	SHARE2:work/IPEvaluatingCode/Stochastic_Bosque/Stochastic_Bosque/cartree/mx_files/mx_eval_cartree.mexa64	0bfdaa0c7f4ee8b96b596886a56eddd6	verbatim
thirdparty/Stochastic_Bosque/Stochastic_Bosque/cartree/mx_files/mx_eval_cartree.mexw64	SHARE2:work/IPEvaluatingCode/Stochastic_Bosque/Stochastic_Bosque/cartree/mx_files/mx_eval_cartree.mexw64	2030638861f65aaf99f86c19c957ced2	verbatim
thirdparty/Stochastic_Bosque/Stochastic_Bosque/cartree/mx_files/node_cuts.h	SHARE2:work/IPEvaluatingCode/Stochastic_Bosque/Stochastic_Bosque/cartree/mx_files/node_cuts.h	a77848e9584a70da31152fe58b7fd253	verbatim
thirdparty/Stochastic_Bosque/Stochastic_Bosque/cartree/mx_files/quickie.h	SHARE2:work/IPEvaluatingCode/Stochastic_Bosque/Stochastic_Bosque/cartree/mx_files/quickie.h	2a8a99fdecfd4bfa7bffd9ea7b5e1f88	verbatim
thirdparty/Stochastic_Bosque/Stochastic_Bosque/eval_Stochastic_Bosque.m	SHARE2:work/IPEvaluatingCode/Stochastic_Bosque/Stochastic_Bosque/eval_Stochastic_Bosque.m	bd184d51fd36a14a23cc9dd96cf0c1c6	verbatim
thirdparty/Stochastic_Bosque/license.txt	SHARE2:work/IPEvaluatingCode/Stochastic_Bosque/license.txt	86463f8262fe661434a30a89eef037e8	verbatim
thirdparty/libsvm-3.17/COPYRIGHT	TSSM/thirdparty/libsvm-3.17/COPYRIGHT	d4605e317dfd4436b5752a0107ae53b4	verbatim
thirdparty/libsvm-3.17/Makefile	TSSM/thirdparty/libsvm-3.17/Makefile	62c2d61ff23a51b3d61210f747961c63	verbatim
thirdparty/libsvm-3.17/README	TSSM/thirdparty/libsvm-3.17/README	af7177807614280dc67bab85121def74	verbatim
thirdparty/libsvm-3.17/matlab/Makefile	TSSM/thirdparty/libsvm-3.17/matlab/Makefile	026db9cb90512761b181976e2758ccf3	verbatim
thirdparty/libsvm-3.17/matlab/README	TSSM/thirdparty/libsvm-3.17/matlab/README	d7e280bd0a8d63aa18ccc30537f6e355	verbatim
thirdparty/libsvm-3.17/matlab/demo.m	TSSM/thirdparty/libsvm-3.17/matlab/demo.m	61a261fcd785b4e5c4018f26d09fb5f5	verbatim
thirdparty/libsvm-3.17/matlab/libsvmread.c	TSSM/thirdparty/libsvm-3.17/matlab/libsvmread.c	a1ef2906de518a62c632816e27944d79	verbatim
thirdparty/libsvm-3.17/matlab/libsvmread.mexw32	TSSM/thirdparty/libsvm-3.17/matlab/libsvmread.mexw32	689445660441085d6bc2b28e54130556	verbatim
thirdparty/libsvm-3.17/matlab/libsvmwrite.c	TSSM/thirdparty/libsvm-3.17/matlab/libsvmwrite.c	d9096579785096aeae15c2e15aa9bc0b	verbatim
thirdparty/libsvm-3.17/matlab/libsvmwrite.mexw32	TSSM/thirdparty/libsvm-3.17/matlab/libsvmwrite.mexw32	0eb75c8b0017a4b98b4c767efc94c526	verbatim
thirdparty/libsvm-3.17/matlab/make.m	TSSM/thirdparty/libsvm-3.17/matlab/make.m	fcdc4a9478553fd4228923b01ec50778	verbatim
thirdparty/libsvm-3.17/matlab/svm_model_matlab.c	TSSM/thirdparty/libsvm-3.17/matlab/svm_model_matlab.c	afd95bb3519ea2a4967e912979999234	verbatim
thirdparty/libsvm-3.17/matlab/svm_model_matlab.h	TSSM/thirdparty/libsvm-3.17/matlab/svm_model_matlab.h	5c7e1fbcdf7787e27604836141b1cae9	verbatim
thirdparty/libsvm-3.17/matlab/svmpredict.c	TSSM/thirdparty/libsvm-3.17/matlab/svmpredict.c	1a88a28a5e1f8cf24d514b3401e03815	verbatim
thirdparty/libsvm-3.17/matlab/svmpredict.mexw32	TSSM/thirdparty/libsvm-3.17/matlab/svmpredict.mexw32	9525b64feccb8701f93a6d126edd2eeb	verbatim
thirdparty/libsvm-3.17/matlab/svmtrain.c	TSSM/thirdparty/libsvm-3.17/matlab/svmtrain.c	6398502e2e2dd4bc0acdc23c5feb7ea1	verbatim
thirdparty/libsvm-3.17/matlab/svmtrain.mexw32	TSSM/thirdparty/libsvm-3.17/matlab/svmtrain.mexw32	f0dabe86a76a5fdd9e1a6c6d6009da47	verbatim
thirdparty/libsvm-3.17/svm-predict.c	TSSM/thirdparty/libsvm-3.17/svm-predict.c	0f3411c8a25c6abbdeaf470545489081	verbatim
thirdparty/libsvm-3.17/svm-scale.c	TSSM/thirdparty/libsvm-3.17/svm-scale.c	1fbc59af218d153c19169094e74e8cb1	verbatim
thirdparty/libsvm-3.17/svm-train.c	TSSM/thirdparty/libsvm-3.17/svm-train.c	ad7d16c70e8698b4b6d392dba2d74ee5	verbatim
thirdparty/libsvm-3.17/svm.cpp	TSSM/thirdparty/libsvm-3.17/svm.cpp	b80d6c1ff6da2fb2d013dd96089007ac	verbatim
thirdparty/libsvm-3.17/svm.def	TSSM/thirdparty/libsvm-3.17/svm.def	886b05af0231457aa6ae415d0d82b8a0	verbatim
thirdparty/libsvm-3.17/svm.h	TSSM/thirdparty/libsvm-3.17/svm.h	75ad2594a6cb292d2cc32103a3dc79a4	verbatim
thirdparty/libsvm-3.17/windows/libsvm.dll	TSSM/thirdparty/libsvm-3.17/windows/libsvm.dll	d88fb55e9d302be7c178f6ff37e674ab	verbatim
thirdparty/libsvm-3.17/windows/libsvmread.mexw64	TSSM/thirdparty/libsvm-3.17/windows/libsvmread.mexw64	2fc33d5b6b107f543a13f3b86a8c259f	verbatim
thirdparty/libsvm-3.17/windows/libsvmwrite.mexw64	TSSM/thirdparty/libsvm-3.17/windows/libsvmwrite.mexw64	715be5b0ec2e99f853f48a406bc93ca0	verbatim
thirdparty/libsvm-3.17/windows/svmpredict.mexw64	TSSM/thirdparty/libsvm-3.17/windows/svmpredict.mexw64	f1ba06e97009f779e29f645a2a2b4d88	verbatim
thirdparty/libsvm-3.17/windows/svmtrain.mexw64	TSSM/thirdparty/libsvm-3.17/windows/svmtrain.mexw64	f93b7d07e29e4c92c9e77efc181b8fe0	verbatim
thirdparty/ndSparse/ndSparse.m	SHARE2:work (moved to _moved_HBPL_remote)/MicrosoftGestureEvaluatingCode/ndSparse.m	b9dd593d2c74ddcfc0c3ba1a7429e8cc	verbatim
thirdparty/netlab/dist2.m	SHARE2:work (moved to _moved_HBPL_remote)/MicrosoftGestureEvaluatingCode/dist2.m	cedd7ec053278400a89222c0a941e36d	verbatim
thirdparty/vlfeat-0.9.20/COPYING	SHARE2:work/vlfeat-0.9.20/COPYING	db524af3c80013a205e9be1347bfcec3	verbatim
thirdparty/vlfeat-0.9.20/README.md	SHARE2:work/vlfeat-0.9.20/README.md	aa84df47dd319d4f2f3736eda2d93a67	verbatim
thirdparty/vlfeat-0.9.20/toolbox/fisher/vl_fisher.c	SHARE2:work/vlfeat-0.9.20/toolbox/fisher/vl_fisher.c	bd23fff08ee611edc04d40aa0051af4d	verbatim
thirdparty/vlfeat-0.9.20/toolbox/fisher/vl_fisher.m	SHARE2:work/vlfeat-0.9.20/toolbox/fisher/vl_fisher.m	b67b9f631c632f6123ce8b28a22ece9b	verbatim
thirdparty/vlfeat-0.9.20/toolbox/gmm/vl_gmm.c	SHARE2:work/vlfeat-0.9.20/toolbox/gmm/vl_gmm.c	56ca36f0667703f6dcfd0d1800483d9b	verbatim
thirdparty/vlfeat-0.9.20/toolbox/gmm/vl_gmm.m	SHARE2:work/vlfeat-0.9.20/toolbox/gmm/vl_gmm.m	0144187cee7c3d35b995e098230ebee1	verbatim
thirdparty/vlfeat-0.9.20/toolbox/mex/mexa64/libvl.so	SHARE2:work/vlfeat-0.9.20/toolbox/mex/mexa64/libvl.so	dc7a3bd9b69b7b712f7fa7df63c2171a	verbatim
thirdparty/vlfeat-0.9.20/toolbox/mex/mexa64/vl_fisher.mexa64	SHARE2:work/vlfeat-0.9.20/toolbox/mex/mexa64/vl_fisher.mexa64	559549b3eee485678ee0298cfa0559c8	verbatim
thirdparty/vlfeat-0.9.20/toolbox/mex/mexa64/vl_gmm.mexa64	SHARE2:work/vlfeat-0.9.20/toolbox/mex/mexa64/vl_gmm.mexa64	e01e26717ac07e04152084364b47d0b4	verbatim
thirdparty/vlfeat-0.9.20/toolbox/mex/mexglx/libvl.so	SHARE2:work/vlfeat-0.9.20/toolbox/mex/mexglx/libvl.so	3bd919cc456fe76aa78204253625b49b	verbatim
thirdparty/vlfeat-0.9.20/toolbox/mex/mexglx/vl_fisher.mexglx	SHARE2:work/vlfeat-0.9.20/toolbox/mex/mexglx/vl_fisher.mexglx	3c30c328b2b52f434105195f4953d692	verbatim
thirdparty/vlfeat-0.9.20/toolbox/mex/mexglx/vl_gmm.mexglx	SHARE2:work/vlfeat-0.9.20/toolbox/mex/mexglx/vl_gmm.mexglx	9aacabcbe83a6625ed2ca8e2834b5aa4	verbatim
thirdparty/vlfeat-0.9.20/toolbox/mex/mexmaci/libvl.dylib	SHARE2:work/vlfeat-0.9.20/toolbox/mex/mexmaci/libvl.dylib	ad246405704b5fbfe8ce7911586e2f0e	verbatim
thirdparty/vlfeat-0.9.20/toolbox/mex/mexmaci/vl_fisher.mexmaci	SHARE2:work/vlfeat-0.9.20/toolbox/mex/mexmaci/vl_fisher.mexmaci	e8170fc5f14d500a3d6af287b3e1de7f	verbatim
thirdparty/vlfeat-0.9.20/toolbox/mex/mexmaci/vl_gmm.mexmaci	SHARE2:work/vlfeat-0.9.20/toolbox/mex/mexmaci/vl_gmm.mexmaci	7bae5bc6331cd48261ae02bfb54b552b	verbatim
thirdparty/vlfeat-0.9.20/toolbox/mex/mexmaci64/libvl.dylib	SHARE2:work/vlfeat-0.9.20/toolbox/mex/mexmaci64/libvl.dylib	a180d920db78fae447be4e8cba2acb20	verbatim
thirdparty/vlfeat-0.9.20/toolbox/mex/mexmaci64/vl_fisher.mexmaci64	SHARE2:work/vlfeat-0.9.20/toolbox/mex/mexmaci64/vl_fisher.mexmaci64	ad812a8e9219820f4a39dc6b608c5293	verbatim
thirdparty/vlfeat-0.9.20/toolbox/mex/mexmaci64/vl_gmm.mexmaci64	SHARE2:work/vlfeat-0.9.20/toolbox/mex/mexmaci64/vl_gmm.mexmaci64	8559d3f837e9836e23647e02dd45b904	verbatim
thirdparty/vlfeat-0.9.20/toolbox/mex/mexw32/msvcr100.dll	SHARE2:work/vlfeat-0.9.20/toolbox/mex/mexw32/msvcr100.dll	2b92a88e329f4845d31941967a3baa90	verbatim
thirdparty/vlfeat-0.9.20/toolbox/mex/mexw32/vl.dll	SHARE2:work/vlfeat-0.9.20/toolbox/mex/mexw32/vl.dll	8d35b62f5c8358b0995c02945ec1d120	verbatim
thirdparty/vlfeat-0.9.20/toolbox/mex/mexw32/vl_fisher.mexw32	SHARE2:work/vlfeat-0.9.20/toolbox/mex/mexw32/vl_fisher.mexw32	11df1ea0f85183cddfec72233369d227	verbatim
thirdparty/vlfeat-0.9.20/toolbox/mex/mexw32/vl_gmm.mexw32	SHARE2:work/vlfeat-0.9.20/toolbox/mex/mexw32/vl_gmm.mexw32	51eaef9e920cd200116356786672266f	verbatim
thirdparty/vlfeat-0.9.20/toolbox/mex/mexw64/msvcr100.dll	SHARE2:work/vlfeat-0.9.20/toolbox/mex/mexw64/msvcr100.dll	23ddd075ac31d22f94ca2fd0d1c207b5	verbatim
thirdparty/vlfeat-0.9.20/toolbox/mex/mexw64/vl.dll	SHARE2:work/vlfeat-0.9.20/toolbox/mex/mexw64/vl.dll	7a716f153dddf43536e0d18fc7a055fa	verbatim
thirdparty/vlfeat-0.9.20/toolbox/mex/mexw64/vl_fisher.mexw64	SHARE2:work/vlfeat-0.9.20/toolbox/mex/mexw64/vl_fisher.mexw64	a1113e16dd904b6ad790006e5c2a4f9d	verbatim
thirdparty/vlfeat-0.9.20/toolbox/mex/mexw64/vl_gmm.mexw64	SHARE2:work/vlfeat-0.9.20/toolbox/mex/mexw64/vl_gmm.mexw64	5bbd074125a764b339ce511b302bd543	verbatim
utils/TrjResizeTime.m	SHARE2:work (moved to _moved_HBPL_remote)/MicrosoftGestureEvaluatingCode/TrjResizeTime.m	fbdebf2cd6c8e77e8294f09014aca9a2	verbatim
