source	absolute_path	bytes	md5	sha256
LRFb	/Users/perryshao/Documents/Projects/LRFb/encoding/GeneFisherCodeJointPyramid_whole.m	4031	bbe9391b978671e45046e5742c80863f	3133de22f5939d50e5d32383a0aece42141cf3e4692af80bf5f9d6b3b51a6fa7
LRFb	/Users/perryshao/Documents/Projects/LRFb/encoding/fv_pooling_ts.m	2313	464960ca85fb6bae6fe0b9985f4cb376	1c4f362406e937c47d6a7bf05fbaf2c7018c72122e79097379e4bed433b17d44
LRFb	/Users/perryshao/Documents/Projects/LRFb/experiments/IP/GeneFisherCodeJointPyramid.m	8073	dd4a06e2bc41c6b0437c59df81a6ab0c	46f683d0241ec743a756aa2dd39801dcc76ac775173c49b9f472701e7fbe91d3
LRFb	/Users/perryshao/Documents/Projects/LRFb/experiments/IP/GeneFisherCodeJointPyramid_2mod.m	16138	20c6ef06beb95827d6ac5e38fb58bc76	999d201cb742cd9bce6d02a36190b148b11f1111edb09325fbd0e6211a441645
LRFb	/Users/perryshao/Documents/Projects/LRFb/experiments/IP/GeneScFisherCodeJointPyramid.m	9920	8269c19de9150d2d3cfa59e1e0b57063	621ece743f7843f0f7bc3e631a788c80a270fa88c93360c43467ecacc1998cb8
moved original	/Users/perryshao/Documents/Projects/_moved_HBPL_remote/IPEvaluatingCode/fv_pooling_ts.m	2313	464960ca85fb6bae6fe0b9985f4cb376	1c4f362406e937c47d6a7bf05fbaf2c7018c72122e79097379e4bed433b17d44
moved original	/Users/perryshao/Documents/Projects/_moved_HBPL_remote/MicrosoftGestureEvaluatingCode/GeneFisherCodeJointPyramid_whole.m	4031	bbe9391b978671e45046e5742c80863f	3133de22f5939d50e5d32383a0aece42141cf3e4692af80bf5f9d6b3b51a6fa7
moved original	/Users/perryshao/Documents/Projects/_moved_HBPL_remote/MicrosoftGestureEvaluatingCode/fv_pooling_ts.m	2313	464960ca85fb6bae6fe0b9985f4cb376	1c4f362406e937c47d6a7bf05fbaf2c7018c72122e79097379e4bed433b17d44
remote IP	/Volumes/9592df65-5b85-4531-8d5e-3ec20c74afc8/work/IPEvaluatingCode/GeneFisherCodeJointPyramid_whole.m	4034	000d2433bd49de18de62fc3ab2874476	bdc833efe266a251dd0f1097cda92798e7ca5bb362103319e2ac04b4fd7fa166
remote IP	/Volumes/9592df65-5b85-4531-8d5e-3ec20c74afc8/work/IPEvaluatingCode/GeneFisherCodeJointPyramid.m	8073	dd4a06e2bc41c6b0437c59df81a6ab0c	46f683d0241ec743a756aa2dd39801dcc76ac775173c49b9f472701e7fbe91d3
remote IP	/Volumes/9592df65-5b85-4531-8d5e-3ec20c74afc8/work/IPEvaluatingCode/GeneFisherCodeJointPyramid_2mod.m	16138	20c6ef06beb95827d6ac5e38fb58bc76	999d201cb742cd9bce6d02a36190b148b11f1111edb09325fbd0e6211a441645
remote IP	/Volumes/9592df65-5b85-4531-8d5e-3ec20c74afc8/work/IPEvaluatingCode/GeneScFisherCodeJointPyramid.m	9920	8269c19de9150d2d3cfa59e1e0b57063	621ece743f7843f0f7bc3e631a788c80a270fa88c93360c43467ecacc1998cb8
remote IP	/Volumes/9592df65-5b85-4531-8d5e-3ec20c74afc8/work/IPEvaluatingCode/run.asv	3567	539213141fcf85257d4ef68f2b621372	e1433c9adfc5bc9ae40f7f7cd780150a0960c95e098adc510c6a633c5857c2cd
local full VLFeat	/Users/perryshao/Documents/Projects/HBPL/third_party/vlfeat-0.9.20/vl/fisher.c	19271	512f321454eeea422475a0ddbc029f8a	f7c3299934cfb84d37e1cf1631605f023b36cbc866df1882dcf3f92aa653b9b9
local full VLFeat	/Users/perryshao/Documents/Projects/HBPL/third_party/vlfeat-0.9.20/vl/fisher.h	1536	80ebb5e491db17c9bf8d04ccae1cb839	a51dace3138b29cebf6c45c16a4040f23e383e0178d2b01869b5fddf4fff922c
local full VLFeat	/Users/perryshao/Documents/Projects/HBPL/third_party/vlfeat-0.9.20/vl/gmm.c	53545	b6e92f662bb72c3129fc12bf00f22b29	147a28c0e050ce9d43a4673b6f703e4001784537925ddc6a0431fb43a287f101
local full VLFeat	/Users/perryshao/Documents/Projects/HBPL/third_party/vlfeat-0.9.20/toolbox/fisher/vl_fisher.c	5583	bd23fff08ee611edc04d40aa0051af4d	c8824e63597810c4d4c92d826f671ab47639490efac4cff22994b3419b56d633
local full VLFeat	/Users/perryshao/Documents/Projects/HBPL/third_party/vlfeat-0.9.20/toolbox/fisher/vl_fisher.m	1837	b67b9f631c632f6123ce8b28a22ece9b	e4f2fa9240a5d52ddf8cba45ffa9b0c81e865670bb1268a62bc7b2241d3f6002
remote full VLFeat	/Volumes/9592df65-5b85-4531-8d5e-3ec20c74afc8/work/vlfeat-0.9.20/vl/fisher.c	19271	512f321454eeea422475a0ddbc029f8a	f7c3299934cfb84d37e1cf1631605f023b36cbc866df1882dcf3f92aa653b9b9
remote full VLFeat	/Volumes/9592df65-5b85-4531-8d5e-3ec20c74afc8/work/vlfeat-0.9.20/vl/fisher.h	1536	80ebb5e491db17c9bf8d04ccae1cb839	a51dace3138b29cebf6c45c16a4040f23e383e0178d2b01869b5fddf4fff922c
remote full VLFeat	/Volumes/9592df65-5b85-4531-8d5e-3ec20c74afc8/work/vlfeat-0.9.20/vl/gmm.c	53545	b6e92f662bb72c3129fc12bf00f22b29	147a28c0e050ce9d43a4673b6f703e4001784537925ddc6a0431fb43a287f101
remote full VLFeat	/Volumes/9592df65-5b85-4531-8d5e-3ec20c74afc8/work/vlfeat-0.9.20/toolbox/fisher/vl_fisher.c	5583	bd23fff08ee611edc04d40aa0051af4d	c8824e63597810c4d4c92d826f671ab47639490efac4cff22994b3419b56d633
remote full VLFeat	/Volumes/9592df65-5b85-4531-8d5e-3ec20c74afc8/work/vlfeat-0.9.20/toolbox/fisher/vl_fisher.m	1837	b67b9f631c632f6123ce8b28a22ece9b	e4f2fa9240a5d52ddf8cba45ffa9b0c81e865670bb1268a62bc7b2241d3f6002
LRFb VLFeat subset	/Users/perryshao/Documents/Projects/LRFb/thirdparty/vlfeat-0.9.20/toolbox/fisher/vl_fisher.c	5583	bd23fff08ee611edc04d40aa0051af4d	c8824e63597810c4d4c92d826f671ab47639490efac4cff22994b3419b56d633
LRFb VLFeat subset	/Users/perryshao/Documents/Projects/LRFb/thirdparty/vlfeat-0.9.20/toolbox/fisher/vl_fisher.m	1837	b67b9f631c632f6123ce8b28a22ece9b	e4f2fa9240a5d52ddf8cba45ffa9b0c81e865670bb1268a62bc7b2241d3f6002
LRFb prebuilt MEX	/Users/perryshao/Documents/Projects/LRFb/thirdparty/vlfeat-0.9.20/toolbox/mex/mexa64/vl_fisher.mexa64	17672	559549b3eee485678ee0298cfa0559c8	d399bb2733e6dbfd3b6698b76ad6d4c13e6526b5793dea40bbf612dc4934931a
LRFb prebuilt MEX	/Users/perryshao/Documents/Projects/LRFb/thirdparty/vlfeat-0.9.20/toolbox/mex/mexglx/vl_fisher.mexglx	12049	3c30c328b2b52f434105195f4953d692	039cc85bc70bb6f0bee5a46b6bb9e90374232301364eaaaddb9004c5d64bbddb
LRFb prebuilt MEX	/Users/perryshao/Documents/Projects/LRFb/thirdparty/vlfeat-0.9.20/toolbox/mex/mexmaci/vl_fisher.mexmaci	13968	e8170fc5f14d500a3d6af287b3e1de7f	a71f510b35f872bb78084b99c926cc7dcb29a2aa9df29a409e4a4c8c3cc05a8b
LRFb prebuilt MEX	/Users/perryshao/Documents/Projects/LRFb/thirdparty/vlfeat-0.9.20/toolbox/mex/mexmaci64/vl_fisher.mexmaci64	13692	ad812a8e9219820f4a39dc6b608c5293	4e01746b5d14ba843d1616395e993304fadd86aacbfad97bdc1cc01270976ff8
LRFb prebuilt MEX	/Users/perryshao/Documents/Projects/LRFb/thirdparty/vlfeat-0.9.20/toolbox/mex/mexw32/vl_fisher.mexw32	11264	11df1ea0f85183cddfec72233369d227	96c6f1c0ab8ec6210dcc1de4c42bd1f20ac58a03c434ef9842f8847bcf53c84d
LRFb prebuilt MEX	/Users/perryshao/Documents/Projects/LRFb/thirdparty/vlfeat-0.9.20/toolbox/mex/mexw64/vl_fisher.mexw64	13312	a1113e16dd904b6ad790006e5c2a4f9d	d094614d78ad927b3d8652f05a4e77d8f84252726d5e20e9d839ba510688077f
